dataset,algorithm,original_bytes,compressed_bytes,compressed_percent,ratio,compress_mib_s,decompress_mib_s,compress_cpu_pct,decompress_cpu_pct,compress_cpu_ms_mib,decompress_cpu_ms_mib,compress_p95_us,decompress_p95_us
input-1b,none-copy,16,16,100.000000,1.000000,30.052466,32.898081,99.845273,99.787199,33.195291,30.295101,0.135000,0.048000
input-1b,zstd-fast3,16,160,1000.000000,0.100000,4.642604,12.786931,99.752177,99.825957,214.880252,78.046127,0.365000,0.093000
input-1b,zstd-1,16,160,1000.000000,0.100000,4.703779,12.458654,99.681781,99.805833,212.152975,80.134856,0.347000,0.169000
input-1b,zstd-3,16,160,1000.000000,0.100000,4.670886,12.481381,99.730808,99.721189,213.515803,79.985481,0.231000,0.148000
input-1b,zstd-6,16,160,1000.000000,0.100000,4.640689,12.365141,99.816896,99.794877,214.698966,80.332459,0.233000,0.094000
input-1b,zstd-9,16,160,1000.000000,0.100000,4.679722,12.451877,99.772636,99.838083,213.202051,80.131304,0.364000,0.092000
input-1b,snappy-1,16,48,300.000000,0.333333,6.000319,6.172014,99.826321,99.760310,165.969920,161.767699,0.256000,0.253000
input-1b,snappy-2,16,48,300.000000,0.333333,6.017519,6.189710,99.814271,99.835981,165.896308,161.304060,0.341000,0.173000
input-1b,lz4-fast,16,32,200.000000,0.500000,6.793803,26.127352,99.837817,99.721321,146.902917,38.222317,0.235000,0.084000
input-1b,lz4-hc9,16,32,200.000000,0.500000,0.125942,26.119181,99.793970,99.772924,7923.778065,38.235501,10.219000,0.055000
input-8b,none-copy,128,128,100.000000,1.000000,341.811750,369.876522,99.704442,99.816546,2.917464,2.698645,0.049000,0.039000
input-8b,zstd-fast3,128,272,212.500000,0.470588,20.672128,123.069826,99.744347,99.822499,48.233139,8.045417,0.390000,0.083000
input-8b,zstd-1,128,272,212.500000,0.470588,20.737916,124.492484,99.754747,99.828566,48.056521,8.021869,0.561000,0.088000
input-8b,zstd-3,128,272,212.500000,0.470588,20.686248,121.201248,99.834921,99.774135,48.264050,8.229333,0.390000,0.149000
input-8b,zstd-6,128,272,212.500000,0.470588,20.737612,123.357458,99.746021,99.774585,47.798115,8.025821,0.387000,0.081000
input-8b,zstd-9,128,272,212.500000,0.470588,20.848168,124.093881,99.805359,99.785191,47.664137,8.029033,0.568000,0.161000
input-8b,snappy-1,128,160,125.000000,0.800000,47.911992,132.762675,99.773532,99.777227,20.800522,7.467239,0.200000,0.134000
input-8b,snappy-2,128,160,125.000000,0.800000,47.306952,133.686540,99.743658,99.805670,21.111021,7.461836,0.286000,0.124000
input-8b,lz4-fast,128,144,112.500000,0.888889,52.970956,293.068747,99.809923,99.803113,18.843676,3.406917,0.246000,0.071000
input-8b,lz4-hc9,128,144,112.500000,0.888889,1.053347,288.368023,99.774018,99.797650,946.648615,3.458124,10.433000,0.044000
input-64b,none-copy,1024,1024,100.000000,1.000000,2735.166043,2954.360580,99.833212,99.797845,0.365154,0.337934,0.064000,0.058000
input-64b,zstd-fast3,1024,1168,114.062500,0.876712,145.762914,984.306599,99.792623,99.860578,6.847429,1.014552,0.634000,0.089000
input-64b,zstd-1,1024,1160,113.281250,0.882759,42.822411,426.649265,99.820598,99.718739,23.284912,2.320590,2.360000,1.236000
input-64b,zstd-3,1024,1168,114.062500,0.876712,40.456020,990.343657,99.813004,99.795666,24.674778,1.007300,2.379000,0.084000
input-64b,zstd-6,1024,1168,114.062500,0.876712,27.748459,979.132666,99.820390,99.791891,35.990131,1.013183,3.267000,0.155000
input-64b,zstd-9,1024,1168,114.062500,0.876712,23.957884,982.422715,99.800234,99.779284,41.684065,1.015570,4.681000,0.172000
input-64b,snappy-1,1024,1040,101.562500,0.984615,250.094026,613.142332,99.822610,99.779239,3.993154,1.627951,0.393000,0.192000
input-64b,snappy-2,1024,1027,100.292969,0.997079,199.335985,635.286983,99.743341,99.766301,5.006287,1.570996,0.537000,0.184000
input-64b,lz4-fast,1024,1032,100.781250,0.992248,275.987564,1414.648480,99.743835,99.733260,3.608604,0.702626,0.267000,0.101000
input-64b,lz4-hc9,1024,1032,100.781250,0.992248,9.278022,1403.816686,99.844715,99.785192,107.614222,0.711212,10.180000,0.071000
shell-512b,none-copy,8192,8192,100.000000,1.000000,16872.800974,18204.008386,99.796715,99.725243,0.059121,0.054830,0.056000,0.064000
shell-512b,zstd-fast3,8192,4557,55.627441,1.797674,260.689536,1503.878799,99.809762,99.861683,3.827449,0.664111,2.905000,0.571000
shell-512b,zstd-1,8192,2775,33.874512,2.952072,120.045510,257.820672,99.789738,99.759292,8.316057,3.868903,6.175000,2.569000
shell-512b,zstd-3,8192,2737,33.410645,2.993058,113.108693,257.505588,99.790767,99.771503,8.820110,3.855580,6.199000,2.537000
shell-512b,zstd-6,8192,2654,32.397461,3.086662,59.620376,229.751958,99.827942,99.707949,16.743930,4.344374,14.000000,2.987000
shell-512b,zstd-9,8192,2654,32.397461,3.086662,51.705964,230.144453,99.753863,99.751401,19.285920,4.328677,14.190000,2.755000
shell-512b,snappy-1,8192,3409,41.613770,2.403051,1061.162693,604.824512,99.785715,99.707328,0.939955,1.646072,5.020000,1.290000
shell-512b,snappy-2,8192,3267,39.880371,2.507499,612.688501,528.608302,99.763889,99.759386,1.628044,1.886693,6.199000,1.328000
shell-512b,lz4-fast,8192,3282,40.063477,2.496039,899.630357,4008.058681,99.816028,99.779356,1.105346,0.248560,0.590000,0.259000
shell-512b,lz4-hc9,8192,3272,39.941406,2.503667,68.904444,3978.422412,99.794358,99.736891,14.483008,0.248692,10.915000,0.166000
shell-4k-output-json,none-copy,231560,231560,100.000000,1.000000,54735.318768,42641.458597,99.808999,99.781851,0.018238,0.023412,0.428000,0.554000
shell-4k-output-json,zstd-fast3,231560,20747,8.959665,11.161132,1119.600995,3013.785785,99.762042,99.766398,0.891247,0.330981,17.456000,7.248000
shell-4k-output-json,zstd-1,231560,12312,5.316980,18.807667,882.053846,2122.366764,99.762662,99.800885,1.131755,0.469474,21.699000,9.765000
shell-4k-output-json,zstd-3,231560,12960,5.596822,17.867284,769.415411,1930.148381,99.761622,99.727907,1.292699,0.516685,25.764000,10.518000
shell-4k-output-json,zstd-6,231560,11079,4.784505,20.900803,171.846423,2258.327725,99.684474,99.797564,5.797067,0.442057,110.505000,10.109000
shell-4k-output-json,zstd-9,231560,11739,5.069528,19.725701,41.443710,2306.231922,99.756716,99.812994,24.056204,0.432326,446.933000,8.659000
shell-4k-output-json,snappy-1,231560,28771,12.424857,8.048382,494.306555,2963.098274,99.656074,99.783150,2.014952,0.336753,36.644000,7.043000
shell-4k-output-json,snappy-2,231560,25555,11.036017,9.061240,447.839559,3517.422472,99.773211,99.808449,2.190782,0.283915,39.672000,5.951000
shell-4k-output-json,lz4-fast,231560,26683,11.523147,8.678185,2137.998439,6887.601057,99.831266,99.827051,0.467016,0.144748,7.892000,3.008000
shell-4k-output-json,lz4-hc9,231560,18774,8.107618,12.334079,118.067978,10917.152764,99.717237,99.809983,8.413341,0.091425,155.320000,2.017000
shell-4k,none-copy,65536,65536,100.000000,1.000000,46033.490549,47275.827811,99.791673,99.859614,0.021687,0.021123,0.122000,0.119000
shell-4k,zstd-fast3,65536,13833,21.107483,4.737656,567.730326,1374.163453,99.689369,99.782075,1.752814,0.726130,10.027000,4.275000
shell-4k,zstd-1,65536,8379,12.785339,7.821458,388.462676,894.763854,99.820169,99.808957,2.570874,1.112959,14.702000,6.378000
shell-4k,zstd-3,65536,8020,12.237549,8.171571,365.744304,885.630223,99.800358,99.789544,2.728967,1.126763,15.550000,6.539000
shell-4k,zstd-6,65536,7679,11.717224,8.534445,102.929286,888.296060,99.761975,99.790187,9.682182,1.123232,51.869000,6.328000
shell-4k,zstd-9,65536,7770,11.856079,8.434492,79.205242,904.003042,99.814945,99.821018,12.602667,1.104654,71.601000,6.315000
shell-4k,snappy-1,65536,14253,21.748352,4.598050,1829.871850,1810.262840,99.721663,99.723731,0.545484,0.550582,3.477000,3.134000
shell-4k,snappy-2,65536,14026,21.401978,4.672465,1052.740355,1797.407701,99.832510,99.869475,0.947146,0.555680,5.515000,3.369000
shell-4k,lz4-fast,65536,14214,21.688843,4.610666,1446.171479,6041.166055,99.750732,99.766287,0.689757,0.165077,3.790000,1.130000
shell-4k,lz4-hc9,65536,13210,20.156860,4.961090,182.137023,6492.670094,99.741089,99.728861,5.476891,0.153780,38.685000,1.234000
ansi-4k-output-json,none-copy,221380,221380,100.000000,1.000000,44107.521856,52289.033782,99.817863,99.660022,0.022631,0.018081,0.480000,0.402000
ansi-4k-output-json,zstd-fast3,221380,29629,13.383775,7.471734,778.664627,1968.927623,99.736590,99.802741,1.278568,0.506345,27.892000,12.507000
ansi-4k-output-json,zstd-1,221380,17606,7.952841,12.574122,579.858861,1381.171850,99.806929,99.741324,1.721228,0.722665,35.917000,14.099000
ansi-4k-output-json,zstd-3,221380,17202,7.770350,12.869434,537.394795,1314.479306,99.702706,99.812362,1.851596,0.759330,34.785000,14.433000
ansi-4k-output-json,zstd-6,221380,16029,7.240491,13.811217,119.599584,1566.579694,99.778672,99.829685,8.345163,0.637251,150.304000,12.447000
ansi-4k-output-json,zstd-9,221380,15360,6.938296,14.412760,30.321298,1589.239847,99.821944,99.787391,32.922099,0.628301,545.796000,12.937000
ansi-4k-output-json,snappy-1,221380,35055,15.834764,6.315219,412.189111,2179.237442,99.822062,99.762508,2.418623,0.458161,42.797000,8.738000
ansi-4k-output-json,snappy-2,221380,30233,13.656609,7.322462,392.810123,2772.082871,99.771414,99.823999,2.540022,0.360134,43.728000,6.981000
ansi-4k-output-json,lz4-fast,221380,41949,18.948866,5.277361,1162.009537,3492.555562,99.810988,99.805964,0.859433,0.285698,13.393000,5.312000
ansi-4k-output-json,lz4-hc9,221380,28700,12.964134,7.713589,65.161379,6867.035797,99.832356,99.807084,15.315944,0.145390,255.904000,2.915000
ansi-4k,none-copy,65536,65536,100.000000,1.000000,46093.160718,40927.943262,99.788982,99.754835,0.021638,0.024369,0.137000,0.132000
ansi-4k,zstd-fast3,65536,20332,31.024170,3.223293,345.450485,820.598123,99.767765,99.803015,2.888048,1.214893,15.959000,7.055000
ansi-4k,zstd-1,65536,10833,16.529846,6.049663,269.473288,626.866913,99.834547,99.811610,3.704803,1.592598,20.056000,9.272000
ansi-4k,zstd-3,65536,10500,16.021729,6.241524,260.902480,649.722330,99.831906,99.737936,3.827353,1.537167,22.000000,9.053000
ansi-4k,zstd-6,65536,10807,16.490173,6.064218,77.170443,734.910913,99.747457,99.777168,12.933369,1.357677,66.796000,7.947000
ansi-4k,zstd-9,65536,10866,16.580200,6.031290,54.352691,712.443664,99.808520,99.834606,18.363124,1.401298,98.004000,8.322000
ansi-4k,snappy-1,65536,23513,35.877991,2.787224,1017.209418,1187.482666,99.831292,99.762288,0.981765,0.840116,5.558000,5.255000
ansi-4k,snappy-2,65536,23219,35.429382,2.822516,559.453269,1164.892098,99.815828,99.653525,1.784246,0.855474,10.259000,5.435000
ansi-4k,lz4-fast,65536,23402,35.708618,2.800444,813.908400,3134.799346,99.771943,99.758688,1.225837,0.318230,5.975000,1.979000
ansi-4k,lz4-hc9,65536,20219,30.851746,3.241308,148.245006,4357.833889,99.780655,99.815280,6.732744,0.229105,39.821000,1.265000
history-256-ordinary,none-copy,327173,327173,100.000000,1.000000,35970.622713,32962.822579,99.727408,99.805628,0.027525,0.030278,0.943000,0.896000
history-256-ordinary,zstd-fast3,327173,70509,21.550984,4.640159,525.116549,1353.478566,99.715397,99.773704,1.900269,0.736103,49.933000,22.460000
history-256-ordinary,zstd-1,327173,36233,11.074569,9.029697,434.894452,1052.623910,99.724505,99.849462,2.293375,0.948502,65.946000,27.271000
history-256-ordinary,zstd-3,327173,43114,13.177738,7.588556,368.276064,984.118110,99.708681,99.765327,2.707987,1.014009,81.914000,30.715000
history-256-ordinary,zstd-6,327173,38427,11.745162,8.514144,98.189077,991.889595,99.823197,99.816484,10.166426,1.005424,303.788000,33.635000
history-256-ordinary,zstd-9,327173,37376,11.423926,8.753558,55.237938,1141.232878,99.762267,99.767190,18.067665,0.873749,515.512000,27.337000
history-256-ordinary,snappy-1,327173,79564,24.318633,4.112073,1054.807995,2021.480831,99.774019,99.778459,0.940534,0.493500,24.609000,16.243000
history-256-ordinary,snappy-2,327173,78744,24.068001,4.154894,657.022211,2106.676648,99.686535,99.819068,1.517248,0.473404,37.344000,14.340000
history-256-ordinary,lz4-fast,327173,91612,28.001088,3.571290,886.214090,3456.206921,99.805750,99.785887,1.126417,0.288773,26.051000,8.673000
history-256-ordinary,lz4-hc9,327173,78879,24.109263,4.147783,73.605630,4897.646910,99.810269,99.819145,13.560141,0.203810,471.423000,7.342000
history-256-near96k,none-copy,1563498,1563498,100.000000,1.000000,20496.573304,20784.094963,99.575034,99.675083,0.048562,0.047957,7.044000,7.851000
history-256-near96k,zstd-fast3,1563498,294285,18.822218,5.312870,645.993753,1645.104114,99.656624,99.746708,1.544982,0.606725,193.468000,97.024000
history-256-near96k,zstd-1,1563498,166778,10.666979,9.374726,512.103118,1233.510916,99.717929,99.765980,1.947224,0.808950,304.309000,137.909000
history-256-near96k,zstd-3,1563498,178283,11.402829,8.769754,423.273778,1179.558308,99.684967,99.810495,2.347527,0.845547,316.475000,113.848000
history-256-near96k,zstd-6,1563498,167163,10.691603,9.353134,109.161936,1156.076056,99.728901,99.770326,9.113570,0.861962,1117.173000,124.645000
history-256-near96k,zstd-9,1563498,136845,8.752490,11.425321,66.550770,1796.314483,99.768028,99.739304,14.996095,0.555244,2443.539000,79.102000
history-256-near96k,snappy-1,1563498,367667,23.515668,4.252484,813.733673,2328.400581,99.819845,99.751094,1.226847,0.428410,148.969000,74.160000
history-256-near96k,snappy-2,1563498,366059,23.412822,4.271164,570.554697,2319.871220,99.789698,99.691254,1.748994,0.417892,222.659000,56.097000
history-256-near96k,lz4-fast,1563498,359599,22.999646,4.347893,884.300950,4430.190094,99.656111,99.769896,1.127068,0.225205,127.852000,32.242000
history-256-near96k,lz4-hc9,1563498,344407,22.027978,4.539681,30.382520,4795.300355,99.717778,99.791017,32.806043,0.208102,4367.339000,29.249000
repo-rust-16k,none-copy,1172390,1172390,100.000000,1.000000,28622.412470,28616.003107,99.795149,99.738290,0.034879,0.034890,1.635000,1.797000
repo-rust-16k,zstd-fast3,1172390,434419,37.054137,2.698754,308.149669,984.012486,99.722765,99.841032,3.237499,1.014717,68.673000,22.805000
repo-rust-16k,zstd-1,1172390,330195,28.164263,3.550599,253.506397,759.567258,99.811762,99.766674,3.937301,1.312785,93.055000,29.543000
repo-rust-16k,zstd-3,1172390,316090,26.961165,3.709039,214.078810,756.325367,99.760997,99.812608,4.592624,1.319792,95.369000,30.002000
repo-rust-16k,zstd-6,1172390,294142,25.089092,3.985796,59.999748,822.169080,99.737259,99.804489,16.321405,1.213373,325.553000,27.918000
repo-rust-16k,zstd-9,1172390,292494,24.948524,4.008253,22.460476,840.573262,99.765573,99.822863,43.881993,1.186851,918.507000,27.147000
repo-rust-16k,snappy-1,1172390,436289,37.213641,2.687187,281.924256,1219.730619,99.700135,99.777664,3.535919,0.817948,76.466000,22.314000
repo-rust-16k,snappy-2,1172390,409863,34.959612,2.860444,231.884232,1359.112530,99.658839,99.656393,4.297784,0.734723,93.407000,16.628000
repo-rust-16k,lz4-fast,1172390,463996,39.576933,2.526724,465.299125,2285.884205,99.603740,99.813796,2.138721,0.436653,43.535000,9.717000
repo-rust-16k,lz4-hc9,1172390,389599,33.231177,3.009222,46.335419,2757.029289,99.723925,99.803070,21.505651,0.361563,541.086000,9.026000
repo-rust-96k,none-copy,1172390,1172390,100.000000,1.000000,24263.483001,23980.950324,99.751904,99.685376,0.041112,0.041629,7.808000,7.114000
repo-rust-96k,zstd-fast3,1172390,358445,30.573870,3.270767,324.205952,1083.546237,99.766901,99.712049,3.074663,0.921481,382.120000,144.220000
repo-rust-96k,zstd-1,1172390,280528,23.927874,4.179226,306.360593,1017.845690,99.782921,99.818254,3.257452,0.979640,394.245000,126.030000
repo-rust-96k,zstd-3,1172390,262653,22.403211,4.463646,262.880343,1016.228949,99.752823,99.555590,3.794609,0.977426,559.376000,160.802000
repo-rust-96k,zstd-6,1172390,237436,20.252305,4.937710,74.703245,1035.283218,99.666581,99.786250,13.341667,0.964179,1610.061000,129.831000
repo-rust-96k,zstd-9,1172390,230540,19.664105,5.085408,45.488619,1082.599427,99.772368,99.766566,21.910534,0.913183,2573.389000,128.548000
repo-rust-96k,snappy-1,1172390,385198,32.855790,3.043604,413.028416,1426.192548,99.813528,99.688656,2.415008,0.698985,288.114000,90.039000
repo-rust-96k,snappy-2,1172390,350964,29.935772,3.340485,310.798306,1664.841323,99.665946,99.785517,3.210650,0.598378,401.944000,87.026000
repo-rust-96k,lz4-fast,1172390,392723,33.497642,2.985285,452.205978,2687.958644,99.746853,99.822166,2.205784,0.371204,270.165000,55.245000
repo-rust-96k,lz4-hc9,1172390,290469,24.775800,4.036197,30.518109,2766.347274,99.735740,99.793767,32.618209,0.358487,4828.490000,49.500000
repo-markdown-16k,none-copy,131947,131947,100.000000,1.000000,41133.674177,47662.113338,99.828393,99.791756,0.024240,0.020925,0.528000,0.492000
repo-markdown-16k,zstd-fast3,131947,77454,58.700842,1.703553,255.404987,998.811022,99.686221,99.815772,3.902348,0.999846,96.028000,26.742000
repo-markdown-16k,zstd-1,131947,55043,41.715992,2.397162,189.388378,669.695271,99.790983,99.726421,5.270908,1.487562,136.228000,36.072000
repo-markdown-16k,zstd-3,131947,54142,41.033142,2.437054,147.481803,603.959546,99.754356,99.773050,6.762213,1.651999,141.167000,36.403000
repo-markdown-16k,zstd-6,131947,51774,39.238482,2.548519,42.686152,635.946970,99.738690,99.789021,23.391846,1.569141,515.093000,40.478000
repo-markdown-16k,zstd-9,131947,51654,39.147537,2.554439,23.439099,633.016280,99.813220,99.750597,42.536477,1.567362,986.323000,44.358000
repo-markdown-16k,snappy-1,131947,77848,58.999447,1.694931,228.757164,884.723872,99.817331,99.834722,4.358602,1.128721,89.451000,29.156000
repo-markdown-16k,snappy-2,131947,72807,55.178973,1.812285,175.806570,938.975948,99.844238,99.733823,5.680129,1.060611,122.086000,27.401000
repo-markdown-16k,lz4-fast,131947,79341,60.130962,1.663037,323.017558,2414.142639,99.852115,99.822550,3.091229,0.413491,60.821000,9.780000
repo-markdown-16k,lz4-hc9,131947,69709,52.831061,1.892826,60.481688,2773.404771,99.726677,99.780678,16.426162,0.359777,334.608000,9.821000
repo-markdown-96k,none-copy,131947,131947,100.000000,1.000000,35803.724442,32427.143467,99.818019,99.836903,0.027879,0.030789,3.459000,3.542000
repo-markdown-96k,zstd-fast3,131947,70339,53.308525,1.875873,251.455400,1025.553061,99.774316,99.671783,3.967746,0.971883,471.183000,123.780000
repo-markdown-96k,zstd-1,131947,50524,38.291132,2.611571,222.042896,874.937869,99.793699,99.741980,4.494487,1.132858,542.524000,139.424000
repo-markdown-96k,zstd-3,131947,46666,35.367231,2.827476,171.908693,786.975630,99.727248,99.631266,5.801175,1.266002,730.439000,150.182000
repo-markdown-96k,zstd-6,131947,44660,33.846923,2.954478,52.629989,747.317849,99.733737,99.822483,18.955525,1.335743,2204.515000,180.554000
repo-markdown-96k,zstd-9,131947,43663,33.091317,3.021941,33.088207,794.558073,99.744522,99.754927,30.161579,1.256792,3545.985000,163.387000
repo-markdown-96k,snappy-1,131947,70596,53.503301,1.869044,283.343045,950.017119,99.730867,99.783191,3.519792,1.050800,367.359000,138.934000
repo-markdown-96k,snappy-2,131947,64396,48.804444,2.048994,205.483149,1100.159134,99.782556,99.827449,4.858059,0.907391,587.864000,142.648000
repo-markdown-96k,lz4-fast,131947,72039,54.596921,1.831605,325.902430,2757.469493,99.743546,99.773214,3.061722,0.361712,346.305000,45.328000
repo-markdown-96k,lz4-hc9,131947,54494,41.299916,2.421312,33.508525,2814.945284,99.769536,99.790946,29.757597,0.354504,3631.377000,45.967000
english-16k,none-copy,262144,262144,100.000000,1.000000,40356.578158,39994.631065,99.781337,99.813797,0.024732,0.024967,0.629000,0.716000
english-16k,zstd-fast3,262144,18906,7.212067,13.865651,1470.525148,3909.957703,99.737483,99.825782,0.678477,0.255312,14.607000,7.283000
english-16k,zstd-1,262144,9901,3.776932,26.476518,1194.318408,2752.452713,99.788493,99.821615,0.835941,0.362760,18.592000,8.383000
english-16k,zstd-3,262144,10190,3.887177,25.725613,1099.543057,2725.070470,99.798625,99.787163,0.903591,0.366334,21.291000,8.561000
english-16k,zstd-6,262144,10018,3.821564,26.167299,217.698713,2750.181553,99.773014,99.710592,4.581550,0.362298,102.520000,8.376000
english-16k,zstd-9,262144,10018,3.821564,26.167299,189.902111,2688.370552,99.748062,99.805699,5.256942,0.371211,150.356000,9.110000
english-16k,snappy-1,262144,27697,10.565567,9.464707,602.047572,4926.850704,99.832642,99.771503,1.657716,0.202632,36.552000,5.986000
english-16k,snappy-2,262144,27352,10.433960,9.584089,551.005539,4870.655879,99.708290,99.752105,1.809225,0.204806,39.195000,5.296000
english-16k,lz4-fast,262144,23794,9.076691,11.017231,3575.677633,11930.688363,99.774806,99.785606,0.279180,0.083600,6.672000,1.359000
english-16k,lz4-hc9,262144,23177,8.841324,11.310523,352.346308,11972.429688,99.835331,99.790189,2.831244,0.082159,68.991000,2.112000
mixed-chinese-english-16k,none-copy,262144,262144,100.000000,1.000000,44883.718192,39116.637120,99.797832,99.696895,0.022204,0.024856,0.577000,0.593000
mixed-chinese-english-16k,zstd-fast3,262144,28150,10.738373,9.312398,930.094598,2321.277410,99.842439,99.839952,1.073648,0.430101,24.287000,11.434000
mixed-chinese-english-16k,zstd-1,262144,17864,6.814575,14.674429,682.167808,1608.005984,99.753496,99.745857,1.462578,0.620273,30.631000,14.162000
mixed-chinese-english-16k,zstd-3,262144,17857,6.811905,14.680181,647.598706,1588.767029,99.751272,99.799663,1.539704,0.627807,34.321000,16.223000
mixed-chinese-english-16k,zstd-6,262144,15036,5.735779,17.434424,180.248170,2032.895837,99.823135,99.735701,5.516598,0.490480,127.086000,11.055000
mixed-chinese-english-16k,zstd-9,262144,15034,5.735016,17.436743,130.889170,2035.814219,99.755831,99.774675,7.595510,0.489557,186.579000,12.394000
mixed-chinese-english-16k,snappy-1,262144,38345,14.627457,6.836458,562.332842,3569.599087,99.627885,99.742050,1.771689,0.274490,37.554000,6.367000
mixed-chinese-english-16k,snappy-2,262144,38033,14.508438,6.892541,498.422268,3628.719548,99.729701,99.721758,2.001069,0.274922,46.644000,7.950000
mixed-chinese-english-16k,lz4-fast,262144,35153,13.409805,7.457230,2282.418536,8385.735832,99.803005,99.791402,0.436625,0.119001,10.248000,2.641000
mixed-chinese-english-16k,lz4-hc9,262144,32623,12.444687,8.035558,282.580247,9391.926534,99.776374,99.727707,3.531993,0.105999,86.042000,2.265000
structured-logs-4k,none-copy,65536,65536,100.000000,1.000000,45978.776984,41102.332271,99.792788,99.718641,0.021682,0.024296,0.131000,0.131000
structured-logs-4k,zstd-fast3,65536,10536,16.076660,6.220197,695.735403,1613.329030,99.819356,99.829961,1.435162,0.619052,8.252000,3.548000
structured-logs-4k,zstd-1,65536,6659,10.160828,9.841718,463.096766,1009.671257,99.734290,99.794935,2.155578,0.988444,11.943000,5.735000
structured-logs-4k,zstd-3,65536,6872,10.485840,9.536671,410.879549,994.896890,99.776634,99.754375,2.429303,1.003454,14.628000,6.150000
structured-logs-4k,zstd-6,65536,6556,10.003662,9.996339,120.008973,994.896103,99.809404,99.756110,8.321870,0.984476,50.440000,5.509000
structured-logs-4k,zstd-9,65536,6640,10.131836,9.869880,108.702193,1033.163834,99.720668,99.729472,9.171062,0.966086,59.135000,5.339000
structured-logs-4k,snappy-1,65536,12982,19.808960,5.048221,1909.029116,1929.788283,99.750492,99.816233,0.521951,0.517289,3.015000,3.378000
structured-logs-4k,snappy-2,65536,12514,19.094849,5.237015,1211.654171,2105.388620,99.775122,99.706905,0.823027,0.473442,4.896000,2.812000
structured-logs-4k,lz4-fast,65536,13043,19.902039,5.024611,1569.648567,6546.180887,99.744078,99.757756,0.633804,0.152391,3.339000,0.952000
structured-logs-4k,lz4-hc9,65536,11546,17.617798,5.676078,190.171022,7924.774254,99.676635,99.829237,5.240918,0.125956,29.561000,0.767000
pseudorandom-4k,none-copy,65536,65536,100.000000,1.000000,41251.563972,41151.298225,99.799937,99.841104,0.024191,0.024240,0.138000,0.128000
pseudorandom-4k,zstd-fast3,65536,65696,100.244141,0.997565,1933.314868,30222.192346,99.835327,99.811812,0.515969,0.032883,3.163000,0.397000
pseudorandom-4k,zstd-1,65536,65696,100.244141,0.997565,877.927276,30506.680448,99.720110,99.762262,1.137367,0.032727,6.769000,0.236000
pseudorandom-4k,zstd-3,65536,65696,100.244141,0.997565,623.613366,30197.408451,99.731498,99.774046,1.599252,0.033041,9.172000,0.249000
pseudorandom-4k,zstd-6,65536,65696,100.244141,0.997565,256.713774,30067.255739,99.811688,99.792374,3.888292,0.033084,22.085000,0.230000
pseudorandom-4k,zstd-9,65536,65696,100.244141,0.997565,155.255678,30417.757043,99.737167,99.803366,6.429592,0.032811,40.156000,0.176000
pseudorandom-4k,snappy-1,65536,65616,100.122070,0.998781,7214.422163,27739.606956,99.825074,99.701987,0.138218,0.035929,1.060000,0.226000
pseudorandom-4k,snappy-2,65536,65616,100.122070,0.998781,892.760668,27382.447055,99.771809,99.823286,1.096398,0.036403,6.702000,0.271000
pseudorandom-4k,lz4-fast,65536,65824,100.439453,0.995625,3190.026392,33840.671187,99.800439,99.818530,0.312851,0.029483,1.885000,0.194000
pseudorandom-4k,lz4-hc9,65536,65824,100.439453,0.995625,118.284098,32818.649141,99.743246,99.824425,8.434035,0.030425,53.021000,0.238000
pseudorandom-96k,none-copy,1572864,1572864,100.000000,1.000000,19800.392462,20369.034271,99.744106,99.791307,0.050375,0.047467,8.773000,5.845000
pseudorandom-96k,zstd-fast3,1572864,1573056,100.012207,0.999878,6206.722658,18885.406214,99.714773,99.742390,0.160308,0.052793,20.211000,11.007000
pseudorandom-96k,zstd-1,1572864,1573056,100.012207,0.999878,4562.058051,18661.382183,99.757999,99.698195,0.218701,0.053425,29.522000,10.244000
pseudorandom-96k,zstd-3,1572864,1573056,100.012207,0.999878,3454.306173,18994.351493,99.651550,99.660369,0.287079,0.052502,41.269000,9.294000
pseudorandom-96k,zstd-6,1572864,1573056,100.012207,0.999878,1865.119755,19734.554437,99.699773,99.743010,0.534521,0.050542,76.117000,9.100000
pseudorandom-96k,zstd-9,1572864,1573056,100.012207,0.999878,1812.513968,18603.964464,99.752538,99.729413,0.550200,0.053581,81.098000,10.597000
pseudorandom-96k,snappy-1,1572864,1573008,100.009155,0.999908,2209.700113,20521.678963,99.713235,99.759785,0.449784,0.048612,54.071000,8.291000
pseudorandom-96k,snappy-2,1572864,1573008,100.009155,0.999908,1290.334309,20981.845962,99.758359,99.792749,0.772602,0.047584,106.785000,10.608000
pseudorandom-96k,lz4-fast,1572864,1579056,100.393677,0.996079,7149.185350,19615.837767,99.776119,99.679531,0.139586,0.050893,17.065000,8.464000
pseudorandom-96k,lz4-hc9,1572864,1579044,100.392914,0.996086,43.729096,20388.319044,99.807290,99.723213,22.781714,0.048908,2700.482000,8.511000
repo-png-16k,none-copy,1061714,1061714,100.000000,1.000000,32980.616105,30472.274648,99.771743,99.706887,0.030252,0.032699,1.791000,1.811000
repo-png-16k,zstd-fast3,1061714,1049614,98.860333,1.011528,3664.154574,24860.568856,99.780663,99.694965,0.270665,0.040145,6.167000,2.091000
repo-png-16k,zstd-1,1061714,1048765,98.780368,1.012347,1302.640520,20281.808029,99.746260,99.717615,0.766466,0.049210,17.034000,1.916000
repo-png-16k,zstd-3,1061714,1048651,98.769631,1.012457,1037.132246,18366.584129,99.556786,99.792412,0.962108,0.054334,24.353000,2.127000
repo-png-16k,zstd-6,1061714,1048556,98.760683,1.012549,541.558471,18257.436039,99.738873,99.757785,1.841701,0.054557,42.811000,2.138000
repo-png-16k,zstd-9,1061714,1048557,98.760777,1.012548,237.090000,19513.174240,99.681497,99.749654,4.204374,0.051070,103.580000,2.027000
repo-png-16k,snappy-1,1061714,1049898,98.887083,1.011254,656.655843,21556.799248,99.794352,99.768271,1.519370,0.046282,33.948000,1.952000
repo-png-16k,snappy-2,1061714,1049469,98.846676,1.011668,483.458817,24227.604636,99.721903,99.743166,2.062695,0.041169,48.745000,1.910000
repo-png-16k,lz4-fast,1061714,1053034,99.182454,1.008243,5264.607008,26171.772678,99.738834,99.738248,0.189645,0.038066,4.210000,1.933000
repo-png-16k,lz4-hc9,1061714,1052747,99.155422,1.008518,92.540540,23875.754331,99.775710,99.683276,10.769495,0.041794,279.251000,1.922000
